name,price
"ESR for iPhone 16 Pro Case, Compatible with MagSafe, Shockproof Military-Grade Protection, Magnetic Phone Case for iPhone 16 Pro, Classic Hybrid Case (HaloLock), Clear  ",$16.99
"TOCOL Magnetic for iPhone 16 Pro Case, Upgraded [Full Camera Protection] [Compatible for Mag-Safe] [15FT Military Grade Protection] for iPhone 16 Pro 6.3 Inch, Black  ",$18.99
"Spigen Case for iPhone 16 Pro Case, Ultra Hybrid Designed for Apple iPhone 16 Pro - Crystal Clear  ",$11.99
"TAURI 5 in 1 Magnetic for iPhone 16 Pro Case Clear, Compatible with Magsafe [Not-Yellowing] with 2X Screen Protector + 2X Camera Lens Protector, Military-Grade Protection, Slim Case for iPhone 16 Pro  ",$19.99
"Spigen Case for iPhone 16 Pro Case, Ultra Hybrid MagFit Designed for Apple iPhone 16 Pro - White  ",$16.99
"JETech Case for iPhone 16 Pro 6.3-Inch, Non-Yellowing Shockproof Phone Bumper Cover, Anti-Scratch Clear Back (Clear)  ",$19.99
"Spigen Case for iPhone 16 Pro Case, Liquid Air Armor Designed for Apple iPhone 16 Pro - Matte Black  ",$11.99
"ORNARTO Compatible with iPhone 16 Pro Case 6.3"",Liquid Silicone 3 Layers Full Covered Soft Gel Rubber Phone Case,Shockproof Protective Cover 6.3 Inch with Anti-Scratch Microfiber Lining-Chalk Pink  ",$17.99
"elago Magnetic Silicone Case Compatible with iPhone 16 Pro Case 6.3 Inch Compatible with All MagSafe Accessories - Built-in Magnets, Soft Grip Silicone, Shockproof [Stone]  ",$14.99
"TORRAS Stronger Magnetic & Shockproof for iPhone 16 Pro Case, Military Grade Drop Protection, Compatible with MagSafe, Case for iPhone 16 Pro Case Slim, Silicone Anti-Scratch, Translucent Matte Black  ",$18.99
"CANSHN Magnetic for iPhone 16 Pro Case, Upgraded [Full Camera Protection] [Compatible with Magsafe] [Translucent Matte] Shockproof Protective Phone Case for iPhone 16 Pro - Deep Purple  ",$33.99
"JETech Magnetic Case for iPhone 16 Pro 6.3-Inch Compatible with MagSafe, Translucent Matte Back Slim Shockproof Phone Cover (Black)  ",$16.99
"JETech Matte Case for iPhone 16 Pro 6.3-Inch, Shockproof Military Grade Drop Protection, Frosted Translucent Back Phone Cover, Anti-Fingerprint (Natural Titanium)  ",$15.99
"ESR for iPhone 16 Pro Case, Compatible with MagSafe, Built-in Stash Stand Phone Case, Military-Grade Protective Case, Scratch-Resistant Back Cover, Classic Series, Clear  ",$12.99
"TORRAS Crystal Clear Designed for iPhone 16 Pro Case, [Ultra-Thin] [Anti-Yellowing] [Military Drop Protective] Slim Soft Silicone TPU Cover for iPhone 16 Pro Case, Clear  ",$21.99
"Spigen Case for iPhone 16 Pro Case, Thin Fit MagFit Designed for Apple iPhone 16 Pro - Black  ",$14.99
"JETech Liquid Silicone Case for iPhone 16 Pro 6.3-Inch, Silky Soft Touch Full-Body Protective Phone Case, Anti-Scratch Shockproof Cover with Microfiber Lining (Natural Titanium)  ",$23.99
"ESR for iPhone 16 Pro Case, Compatible with MagSafe, Camera Protection, Shockproof Thin Cover, Resists Yellowing and Scratches, Magnetic Phone Case for iPhone 16 Pro, Zero Series, Clear  ",$12.99
Caseology Nano Pop Mag for iPhone 16 Pro Case [Dual Layer Silicone Case Compatible with Magsafe] Military Grade Tested (2024) - Blueberry Navy  ,$13.99
"Spigen Case for iPhone 16 Pro Case, Tough Armor (AI) MagFit Designed for Apple iPhone 16 Pro - Black  ",$28.07
"Ringke Onyx [Feels Good in The Hand] Compatible with iPhone 16 Pro Case, Anti-Fingerprint Technology Prevents Oily Smudges Non-Slip Enhanced Grip Precise Cutouts for Camera - Camo Black  ",$33.99
"ESR for iPhone 16 Pro Case (4 in 1) Set, Translucent Matte Case with Screen Protector, Compatible with MagSafe, Military-Grade Protection, Classic Series, Frosted Black  ",$15.99
"Meifigno Case Designed for iPhone 16 Pro 6.3 Inch, [Compatible with MagSafe] [2X Screen Protectors] [Glitter Card & Wrist Strap] Surround Lens Protection Designed for iPhone 16 Pro Case, Rose Gold  ",$19.99
FNTCASE for iPhone 16 Pro Case: iPhone 16 Pro Phone Clear Case Magnetic Military Grade Drop Protection Anti Yellowing Cell Phone Cover - Rugged Shockproof Protective Bumper Transparent Cases(Clear)  ,$17.99
"Spigen Case for iPhone 16 Pro Case, Rugged Armor MagFit Designed for Apple iPhone 16 Pro - Matte Black  ",$13.99
"TORRAS for iPhone 16 Pro Case with Stand, Compatible with MagSafe, Military Grade Drop Protection, Magnetic Case for iPhone 16 Pro 6.3"", Clear  ",$27.99
"TORRAS 360° Rotatable Ring for iPhone 16 Pro Case with Stand, Compatible with MagSafe, Military Grade Drop Protection, Yellowing Resistant, Magnetic Case for iPhone 16 Pro 6.3"", Clear  ",$45.99
"Spigen Case for iPhone 16 Pro Case, Liquid Crystal Designed for Apple iPhone 16 Pro - Crystal Clear  ",$49.99
"SUPCASE for iPhone 16 Pro Case (Unicorn Beetle Mag), [Compatible with MagSafe] [Military-Grade Protection] Slim Clear Shockproof Protective Magnetic Phone Case for iPhone 16 Pro 6.3'' 2024 (Black)  ",$17.99
"GVIEWIN Compatible with iPhone 16 Pro Case 6.3"" 2024 with Screen Protector&Camera Lens Protector,Clear Shockproof Drop Protection Anti-Scratch Floral Phone Cover for Women Girl,Floratopia/Colorful  ",$24.99
"ABITKU Ring Stand Case for iPhone 16 Pro, Liquid Silicone Slim Design Support Magnetic Car Mount (with Wrist Strap Lanyard) Phone Cover for iPhone 16 Pro, 6.3 inch (Lilac Purple)  ",$19.99
"JETech Ultra Slim (0.35mm Thin) Case for iPhone 16 Pro 6.3-Inch, Camera Lens Full Protection, Lightweight Matte Finish PP Hard Minimalist Cover (Black)  ",$13.99
"Spigen Case for iPhone 16 Pro Case, Optik Armor MagFit Designed for Apple iPhone 16 Pro - Black  ",$16.99
"AIOVETEAB Compatible with iPhone 16 Pro Case Premium Leather TPU Hybrid Case Cover,Brown  ",$12.99
"JETech Soft Clear Case for iPhone 16 Pro 6.3-Inch, Camera Lens Full Protection, Compatible with MagSafe Wireless Charging, Shockproof Electroplated TPU Phone Cover (Desert Titanium)  ",$28.99
"INGIDO for iPhone 16 Pro Case, Liquid Silicone Case with Camera Protection Soft Gel Rubber Cover with Microfiber Lining Shockproof Protective Phone Case for iPhone 16 Pro 6.3"", Light Brown  ",$16.99
"elago Magnetic Leather Case Compatible with iPhone 16 Pro Case, Compatible with All MagSafe Accessories, 6.3 inch - Built-in Magnets, Vegan Leather, Shockproof, Water-Resistant [Black]  ",$14.99
"iVoler 3-in-1 Case for iPhone 16 Pro 6.3” with 2 Pack Tempered Glass Screen Protector, [Military Grade Drop Protection] Slim Silicone Phone Case [Easy Installation Tool] [Anti-Fingerprint]-Clear  ",$18.59
"ORNARTO Magnetic Case for iPhone 16 Pro Compatible with MagSafe,Holographic Iridescent Cover,Shockproof Protective Rainbow Phone Case Magnetic for iPhone 16 Pro 6.3""-Sunset  ",$26.99
Apple iPhone 16 Pro Silicone Case with MagSafe - Black ​​​​​​​  ,$13.99
"ESR for iPhone 16 Pro Case Set, 1 Set Individual Lens Protectors, Compatible with MagSafe Phone Case, Full-Coverage Military-Grade Protection, Scratch Resistant, Armor Series, Clear Black  ",$21.99
"elago Compatible with iPhone 16 Pro Case, Premium Liquid Silicone Case, Full Body Protective Cover, Shockproof, Slim Phone Case, Anti-Scratch Soft Microfiber Lining, 6.3 inch (Black)  ",$69.99
"AICase Compatible with iPhone 16 Pro Case Clear, Rugged Heavy Duty Protective Shockproof Drop Tough Transparent Cell Phone Cover  ",$27.99
"JETech Screen Protector for iPhone 16 Pro 6.3-Inch, Tempered Glass Film with Easy Installation Tool, Case-Friendly, HD Clear, 3-Pack  ",$14.99
"JETech 5 in 1 Matte Case for iPhone 16 Pro 6.3-Inch with 2-Pack Each Tempered Glass Screen Protector and Camera Lens Protector, Translucent Back Shockproof Phone Cover (Black)  ",$15.99
"ESR for iPhone 16 Pro Case with Kickstand, Compatible with MagSafe, Magnetic Case for iPhone 16 Pro, Fully Adjustable Flickstand, Military-Grade Protection, Shockproof Case, Boost Series, Clear  ",$16.99
"JETech Glitter Case for iPhone 16 Pro 6.3-Inch, Bling Sparkle Shockproof Phone Bumper Cover, Cute Sparkly for Women and Girls (Clear)  ",$9.99
FNTCASE for iPhone 16 Pro-Max Case: Military Grade Drop Proof Protection Mobile Cover with Kickstand | Matte Textured Rugged Shockproof TPU | Protective Sturdy Phone Case - 6.9 inch Black  ,$11.99
